name,ingredients,cuisine,description,instructions
Spaghetti Aglio e Olio,"Spaghetti, Garlic, Olive oil, Chili flakes, Parsley, Salt",Italian,"Simple Italian pasta tossed with garlic, olive oil, chili flakes, and parsley.","Step-1: Cook spaghetti until al dente; Step-2: Heat olive oil, sauté sliced garlic and chili flakes; Step-3: Toss spaghetti with garlic oil; Step-4: Add chopped parsley; Step-5: Serve hot."
Chicken Tikka Masala,"Chicken breast, Yogurt, Onion, Garlic, Ginger, Tomato puree, Garam masala, Cumin, Coriander, Chili powder, Cream",Indian,"Tender chicken pieces cooked in a creamy, spiced tomato sauce.","Step-1: Marinate chicken in yogurt and spices 1 hr; Step-2: Sauté onion, garlic, ginger; Step-3: Add tomato puree and spices, simmer 10 min; Step-4: Add chicken and cook until done; Step-5: Stir in cream, serve with rice or naan."
Vegetable Stir-Fry,"Broccoli, Carrot, Bell pepper, Snow peas, Onion, Garlic, Soy sauce, Olive oil",Chinese,"Mixed vegetables quickly stir-fried with soy sauce, garlic, and ginger.","Step-1: Heat oil in pan, sauté garlic; Step-2: Add vegetables and stir-fry 5–7 min; Step-3: Add soy sauce and toss; Step-4: Cook 2 more min; Step-5: Serve hot with rice."
Falafel,"Chickpeas, Onion, Garlic, Parsley, Cumin, Coriander, Flour, Baking powder, Salt, Olive oil",Middle Eastern,"Deep-fried balls made from ground chickpeas and spices.","Step-1: Soak chickpeas overnight; Step-2: Blend with onion, garlic, parsley, and spices; Step-3: Form balls and fry until golden; Step-4: Drain excess oil; Step-5: Serve with tahini sauce or pita."
Lentil Soup,"Red lentils, Carrot, Celery, Onion, Garlic, Vegetable broth, Cumin, Turmeric, Olive oil, Salt, Pepper",Middle Eastern,"Comforting soup made from lentils, vegetables, and spices.","Step-1: Sauté onion, garlic, carrot, celery in olive oil; Step-2: Add lentils and spices; Step-3: Pour in broth, simmer 20–25 min; Step-4: Blend partially for smooth texture; Step-5: Serve warm."
Chicken Fried Rice,"Cooked rice, Chicken breast, Onion, Garlic, Carrot, Peas, Soy sauce, Eggs, Oil",Chinese,"Stir-fried rice with chicken, vegetables, and soy sauce.","Step-1: Cook chicken in oil until browned; Step-2: Add vegetables, sauté 3 min; Step-3: Push veggies aside, scramble eggs; Step-4: Add rice and soy sauce, toss well; Step-5: Serve hot."
Hummus,"Chickpeas, Tahini, Lemon juice, Garlic, Olive oil, Salt",Middle Eastern,"Creamy chickpea dip blended with tahini, lemon, and garlic.","Step-1: Blend chickpeas, tahini, lemon juice, garlic; Step-2: Adjust salt and consistency; Step-3: Drizzle olive oil; Step-4: Serve with pita bread."
Grilled Chicken Shawarma,"Chicken thighs, Yogurt, Garlic, Lemon juice, Cumin, Coriander, Paprika, Olive oil",Middle Eastern,"Marinated chicken grilled and served with spices, often in a wrap.","Step-1: Marinate chicken 2 hr; Step-2: Grill or bake chicken 20–25 min; Step-3: Slice thinly; Step-4: Serve with salad or wrap."
Caprese Salad,"Tomato, Mozzarella, Basil, Olive oil, Balsamic vinegar, Salt",Italian,"Fresh mozzarella, tomatoes, and basil drizzled with olive oil.","Step-1: Slice tomatoes and mozzarella; Step-2: Layer with basil; Step-3: Drizzle olive oil and balsamic; Step-4: Season with salt; Step-5: Serve fresh."
Quinoa Salad,"Quinoa, Cucumber, Tomato, Red onion, Parsley, Lemon juice, Olive oil, Salt",International,"Protein-rich salad with quinoa, vegetables, and dressing.",Step-1: Cook quinoa and cool; Step-2: Chop vegetables and parsley; Step-3: Mix all with lemon juice and olive oil; Step-4: Season with salt; Step-5: Serve chilled.
Chicken Shawarma Bowl,"Chicken, Rice, Lettuce, Tomato, Cucumber, Yogurt, Garlic, Lemon, Olive oil",Middle Eastern,"Deconstructed shawarma served with rice, veggies, and sauces.","Step-1: Marinate and cook chicken; Step-2: Cook rice; Step-3: Assemble bowl with rice, chicken, vegetables; Step-4: Drizzle garlic yogurt sauce; Step-5: Serve."
Mushroom Risotto,"Arborio rice, Mushrooms, Onion, Garlic, Vegetable broth, Olive oil, Parmesan",Italian,Creamy Italian rice dish cooked with mushrooms and Parmesan.,Step-1: Sauté onion and garlic; Step-2: Add mushrooms and cook; Step-3: Add rice and gradually stir in broth; Step-4: Cook until creamy; Step-5: Add Parmesan and serve.
Sweet Potato Curry,"Sweet potato, Onion, Garlic, Coconut milk, Curry powder, Oil, Salt",Indian,Sweet potatoes cooked in a spiced curry sauce.,"Step-1: Sauté onion and garlic; Step-2: Add sweet potato and curry powder; Step-3: Pour coconut milk, simmer 15 min; Step-4: Adjust seasoning; Step-5: Serve with rice."
Vegetable Lasagna,"Lasagna sheets, Tomato sauce, Zucchini, Spinach, Ricotta, Mozzarella, Olive oil",Italian,"Layered pasta with vegetables, cheese, and tomato sauce.","Step-1: Preheat oven; Step-2: Layer sauce, vegetables, ricotta, sheets; Step-3: Repeat layers; Step-4: Top with mozzarella; Step-5: Bake 30–35 min."
Butternut Squash Soup,"Butternut squash, Onion, Garlic, Vegetable broth, Cream, Olive oil, Salt, Pepper",American,"Smooth, creamy soup made from roasted butternut squash.","Step-1: Sauté onion and garlic; Step-2: Add squash and broth, simmer 20 min; Step-3: Blend until smooth; Step-4: Stir in cream; Step-5: Serve hot."
Tabbouleh,"Bulgur, Parsley, Mint, Tomato, Cucumber, Lemon juice, Olive oil, Salt",Middle Eastern,"Levantine salad with parsley, bulgur, tomatoes, and lemon.",Step-1: Soak bulgur; Step-2: Chop vegetables and herbs; Step-3: Mix all ingredients; Step-4: Add lemon juice and olive oil; Step-5: Serve chilled.
Veggie Chili,"Kidney beans, Black beans, Tomato, Onion, Bell pepper, Garlic, Chili powder, Cumin",American,"Spicy stew made with beans, tomatoes, and vegetables.",Step-1: Sauté onion and garlic; Step-2: Add vegetables and beans; Step-3: Add spices; Step-4: Simmer 20 min; Step-5: Serve hot.
Cauliflower Biryani,"Cauliflower, Basmati rice, Onion, Garlic, Yogurt, Spices, Oil",Indian,Aromatic rice with roasted cauliflower and Indian spices.,Step-1: Sauté onion and garlic; Step-2: Add cauliflower and spices; Step-3: Layer partially cooked rice; Step-4: Cover and cook 15–20 min; Step-5: Serve hot.
Grilled Veggie Skewers,"Zucchini, Bell pepper, Mushroom, Onion, Olive oil, Salt, Pepper",Mediterranean,"Vegetables grilled on skewers, often with herbs and spices.",Step-1: Chop vegetables; Step-2: Thread onto skewers; Step-3: Brush with olive oil; Step-4: Grill 10–12 min; Step-5: Serve hot.
Baked Falafel,"Chickpeas, Onion, Garlic, Parsley, Cumin, Coriander, Baking powder, Olive oil",Middle Eastern,"Oven-baked chickpea balls, a healthier alternative to fried falafel.","Step-1: Blend chickpeas, onion, garlic, herbs, spices; Step-2: Form balls; Step-3: Bake at 200°C for 20 min; Step-4: Flip halfway; Step-5: Serve with sauce."
Lentil Salad,"Lentils, Tomato, Cucumber, Red onion, Parsley, Olive oil, Lemon juice, Salt",Mediterranean,"Salad made from cooked lentils, vegetables, and dressing.",Step-1: Cook lentils and cool; Step-2: Chop vegetables; Step-3: Mix all with olive oil and lemon juice; Step-4: Season with salt; Step-5: Serve chilled.
Zucchini Fritters,"Zucchini, Egg, Flour, Onion, Garlic, Salt, Pepper, Oil",Mediterranean,Pan-fried patties made from grated zucchini and flour.,"Step-1: Grate zucchini and squeeze out water; Step-2: Mix with egg, flour, onion, garlic, salt, pepper; Step-3: Fry spoonfuls in oil until golden; Step-4: Drain; Step-5: Serve hot."
Chicken Kebabs,"Chicken breast, Yogurt, Garlic, Lemon juice, Cumin, Paprika, Olive oil",Middle Eastern,Skewered marinated chicken grilled to perfection.,Step-1: Marinate chicken 1 hr; Step-2: Thread onto skewers; Step-3: Grill 10–12 min; Step-4: Turn occasionally; Step-5: Serve hot.
Moroccan Couscous,"Couscous, Carrot, Zucchini, Chickpeas, Onion, Cumin, Olive oil",Moroccan,Fluffy couscous served with vegetables and Moroccan spices.,Step-1: Sauté onion and vegetables; Step-2: Add spices and chickpeas; Step-3: Steam couscous; Step-4: Mix with vegetables; Step-5: Serve warm.
Spinach and Feta Pie,"Spinach, Feta, Onion, Phyllo dough, Olive oil, Egg",Greek,Savory pastry filled with spinach and feta cheese.,"Step-1: Sauté onion and spinach; Step-2: Mix with feta; Step-3: Layer phyllo sheets in baking dish, brushing with olive oil; Step-4: Add filling; Step-5: Bake 25–30 min."
Chickpea and Spinach Curry,"Chickpeas, Spinach, Onion, Garlic, Tomato, Spices, Oil",Indian,Chickpeas and spinach cooked in a spiced curry sauce.,Step-1: Sauté onion and garlic; Step-2: Add tomato and spices; Step-3: Add chickpeas and simmer 10 min; Step-4: Add spinach and cook 5 min; Step-5: Serve with rice.
Stuffed Zucchini,"Zucchini, Quinoa, Tomato, Onion, Garlic, Herbs, Olive oil",Mediterranean,"Zucchini filled with vegetables, rice, or meat and baked.","Step-1: Hollow zucchinis; Step-2: Sauté onion, garlic, tomato; Step-3: Mix with cooked quinoa; Step-4: Stuff zucchinis; Step-5: Bake 20 min."
Mushroom Stroganoff,"Mushroom, Onion, Garlic, Vegetable broth, Sour cream, Olive oil, Paprika",Russian,"Mushrooms cooked in a creamy sauce, often served with pasta or rice.","Step-1: Sauté onion and garlic; Step-2: Add mushrooms and paprika; Step-3: Pour broth, simmer 10 min; Step-4: Stir in sour cream; Step-5: Serve with rice or noodles."
Tomato Basil Soup,"Tomato, Onion, Garlic, Vegetable broth, Basil, Olive oil, Salt",Italian,Smooth tomato soup flavored with fresh basil.,Step-1: Sauté onion and garlic; Step-2: Add tomato and broth; Step-3: Simmer 15 min; Step-4: Blend until smooth; Step-5: Add basil and serve hot.
Eggplant Caponata,"Eggplant, Tomato, Onion, Celery, Olive oil, Vinegar, Capers",Italian,Sicilian sweet and sour eggplant dish with olives and capers.,"Step-1: Sauté onion, celery; Step-2: Add eggplant and tomato; Step-3: Add vinegar and capers; Step-4: Simmer 15 min; Step-5: Serve warm or chilled."
Quinoa Stuffed Peppers,"Bell peppers, Quinoa, Tomato, Onion, Black beans, Corn, Spices",Mexican,"Bell peppers stuffed with quinoa, vegetables, and spices.","Step-1: Cook quinoa; Step-2: Sauté onion, tomato, beans, corn; Step-3: Mix with quinoa; Step-4: Stuff peppers; Step-5: Bake 20 min."
Carrot and Lentil Soup,"Carrot, Red lentils, Onion, Garlic, Vegetable broth, Cumin, Olive oil",Middle Eastern,Healthy soup made from carrots and red lentils.,"Step-1: Sauté onion and garlic; Step-2: Add carrot, lentils, and spices; Step-3: Pour broth and simmer 20 min; Step-4: Blend partially; Step-5: Serve hot."
Sweet Potato and Chickpea Stew,"Sweet potato, Chickpeas, Onion, Garlic, Tomato, Cumin, Coriander, Olive oil",Middle Eastern,"Hearty stew with sweet potatoes, chickpeas, and spices.","Step-1: Sauté onion and garlic; Step-2: Add sweet potato, chickpeas, tomato, and spices; Step-3: Simmer 15–20 min; Step-4: Adjust seasoning; Step-5: Serve hot."
Roasted Cauliflower,"Cauliflower, Olive oil, Paprika, Garlic, Salt, Pepper",Mediterranean,Oven-roasted cauliflower with herbs and spices.,"Step-1: Preheat oven; Step-2: Toss cauliflower with oil, garlic, paprika, salt, pepper; Step-3: Roast 20–25 min; Step-4: Stir halfway; Step-5: Serve hot."
Greek Veggie Wrap,"Tortilla, Hummus, Cucumber, Tomato, Feta, Lettuce",Greek,"Wrap filled with vegetables, feta, and tzatziki.",Step-1: Spread hummus on tortilla; Step-2: Layer vegetables and feta; Step-3: Roll tightly; Step-4: Slice; Step-5: Serve immediately.
Butternut Squash Risotto,"Arborio rice, Butternut squash, Onion, Garlic, Vegetable broth, Parmesan, Olive oil",Italian,Creamy risotto cooked with roasted butternut squash.,Step-1: Sauté onion and garlic; Step-2: Add rice and stir; Step-3: Gradually add broth while stirring; Step-4: Add roasted butternut squash; Step-5: Stir in Parmesan and serve hot.
Vegetable Tagine,"Carrot, Zucchini, Chickpeas, Onion, Tomato, Spices, Olive oil",Moroccan,Moroccan slow-cooked vegetable stew with aromatic spices.,Step-1: Sauté onion; Step-2: Add vegetables and chickpeas; Step-3: Add spices and water; Step-4: Simmer 20–25 min; Step-5: Serve hot.
Chickpea Salad Sandwich,"Chickpeas, Celery, Onion, Mayonnaise, Lemon juice, Whole grain bread",American,Sandwich filled with mashed chickpeas and seasonings.,"Step-1: Mash chickpeas; Step-2: Mix with chopped celery, onion, mayonnaise, lemon; Step-3: Spread on bread; Step-4: Add lettuce if desired; Step-5: Serve."
Tomato and Basil Pasta,"Pasta, Tomato, Garlic, Olive oil, Basil, Parmesan",Italian,"Pasta tossed with fresh tomatoes, garlic, and basil.",Step-1: Cook pasta; Step-2: Sauté garlic and tomato; Step-3: Toss pasta with sauce; Step-4: Add basil and Parmesan; Step-5: Serve hot.
Spinach Chickpea Stew,"Spinach, Chickpeas, Onion, Garlic, Tomato, Cumin, Olive oil",Middle Eastern,"Healthy stew made with spinach, chickpeas, and spices.",Step-1: Sauté onion and garlic; Step-2: Add tomato and chickpeas; Step-3: Add cumin; Step-4: Stir in spinach and cook 5 min; Step-5: Serve hot.
Veggie Fried Rice,"Cooked rice, Carrot, Peas, Onion, Garlic, Soy sauce, Oil",Chinese,Rice stir-fried with mixed vegetables and soy sauce.,Step-1: Sauté onion and garlic; Step-2: Add vegetables and stir-fry 5 min; Step-3: Add rice and soy sauce; Step-4: Toss 2 min; Step-5: Serve hot.
Roasted Vegetable Sandwich,"Bread, Zucchini, Bell pepper, Eggplant, Hummus",Mediterranean,Sandwich with assorted roasted vegetables and spreads.,Step-1: Roast vegetables 15–20 min; Step-2: Spread hummus on bread; Step-3: Layer roasted vegetables; Step-4: Assemble sandwich; Step-5: Serve immediately.
Lentil Shepherd’s Pie,"Lentils, Carrot, Onion, Garlic, Mashed potato, Olive oil",British,"Layered dish with lentils, vegetables, and mashed potato topping.","Step-1: Sauté onion, garlic, carrot; Step-2: Add cooked lentils; Step-3: Season and simmer 5 min; Step-4: Top with mashed potato; Step-5: Bake 20 min at 200°C."
Caprese Sandwich,"Bread, Tomato, Mozzarella, Basil, Olive oil, Balsamic",Italian,"Sandwich with mozzarella, tomatoes, basil, and olive oil.",Step-1: Slice tomato and mozzarella; Step-2: Layer on bread with basil; Step-3: Drizzle olive oil and balsamic; Step-4: Assemble sandwich; Step-5: Serve fresh.
Chickpea Pasta,"Pasta, Chickpeas, Tomato, Garlic, Olive oil, Spinach",Mediterranean,Pasta made with chickpea flour or served with chickpea sauce.,Step-1: Cook pasta; Step-2: Sauté garlic and tomato; Step-3: Add chickpeas; Step-4: Toss pasta and spinach; Step-5: Serve hot.
Vegetable Pad Thai,"Rice noodles, Tofu, Carrot, Bean sprouts, Peanuts, Soy sauce, Garlic, Lime",Thai,Thai rice noodles stir-fried with vegetables and peanuts.,"Step-1: Soak noodles until soft; Step-2: Sauté tofu until golden; Step-3: Add garlic and carrots; Step-4: Add noodles and soy sauce, toss; Step-5: Add bean sprouts, peanuts, and lime. Serve hot."
Chicken and Vegetable Soup,"Chicken, Carrot, Celery, Onion, Garlic, Rice, Salt, Pepper",American,,"Step-1: Sauté onion, garlic, carrot, and celery; Step-2: Add chicken and water, bring to boil; Step-3: Simmer until chicken is cooked; Step-4: Add rice and cook 15 min; Step-5: Season and serve."
Chickpea Tacos,"Chickpeas, Taco shells, Lettuce, Tomato, Onion, Cumin, Olive oil",Mexican,"Tacos filled with spiced chickpeas, vegetables, and sauces.",Step-1: Sauté onion and spices; Step-2: Add chickpeas and cook 5 min; Step-3: Warm taco shells; Step-4: Fill tacos with chickpeas and veggies; Step-5: Serve hot.
Lentil and Spinach Stew,"Lentils, Spinach, Onion, Garlic, Carrot, Cumin, Vegetable broth",Middle Eastern,"Hearty stew with lentils, spinach, and spices.","Step-1: Sauté onion, garlic, and carrot; Step-2: Add lentils and broth; Step-3: Simmer until lentils are soft; Step-4: Add spinach and cook 2-3 min; Step-5: Serve warm."
Quinoa and Black Bean Salad,"Quinoa, Black beans, Corn, Tomato, Cilantro, Lime juice, Olive oil",Mexican,"Protein-rich salad with quinoa, black beans, vegetables, and dressing.","Step-1: Cook quinoa and cool; Step-2: Mix with beans, corn, and tomato; Step-3: Add cilantro, lime juice, and olive oil; Step-4: Toss well; Step-5: Serve chilled or at room temp."
Tofu Stir Fry,"Tofu, Broccoli, Bell pepper, Carrot, Garlic, Soy sauce, Sesame oil",Chinese,Tofu and vegetables quickly stir-fried with soy sauce and spices.,Step-1: Press and cube tofu; Step-2: Sauté garlic and vegetables; Step-3: Add tofu and soy sauce; Step-4: Stir-fry 5-7 min; Step-5: Serve hot with rice.
Stuffed Cabbage Rolls,"Cabbage, Rice, Carrot, Onion, Tomato sauce, Herbs, Olive oil",Middle Eastern,"Cabbage leaves filled with rice, vegetables, and sometimes lentils.",Step-1: Blanch cabbage leaves; Step-2: Cook rice with onion and carrot; Step-3: Fill cabbage leaves with rice mixture; Step-4: Place in baking dish and cover with tomato sauce; Step-5: Bake 25-30 min and serve.
Veggie Pizza,"Pizza dough, Tomato sauce, Zucchini, Bell pepper, Mushroom, Mozzarella",Italian,Pizza topped with assorted vegetables and cheese.,Step-1: Preheat oven and roll dough; Step-2: Spread tomato sauce; Step-3: Top with vegetables and cheese; Step-4: Bake 15-20 min; Step-5: Slice and serve hot.
Moroccan Lentil Soup,"Lentils, Carrot, Celery, Onion, Garlic, Cumin, Paprika",Moroccan,Spiced lentil soup with Moroccan flavors like cumin and coriander.,"Step-1: Sauté onion, garlic, carrot, and celery; Step-2: Add lentils and water; Step-3: Add spices and simmer; Step-4: Cook until lentils are tender; Step-5: Serve hot."
Zucchini Noodles with Pesto,"Zucchini, Basil, Garlic, Olive oil, Pine nuts, Parmesan",Italian,Spiralized zucchini tossed in a basil pesto sauce.,"Step-1: Spiralize zucchini; Step-2: Blend basil, garlic, olive oil, pine nuts, Parmesan to make pesto; Step-3: Sauté zucchini lightly; Step-4: Toss with pesto; Step-5: Serve immediately."
Sweet Potato and Black Bean Chili,"Sweet potato, Black beans, Onion, Garlic, Tomato, Chili powder",American,"Spicy stew with sweet potatoes, black beans, and tomatoes.","Step-1: Sauté onion and garlic; Step-2: Add sweet potatoes and cook 5 min; Step-3: Add beans, tomatoes, and spices; Step-4: Simmer 20 min; Step-5: Serve hot."
Roasted Vegetable Couscous,"Couscous, Zucchini, Carrot, Bell pepper, Olive oil, Lemon juice",Mediterranean,Couscous served with oven-roasted vegetables and spices.,Step-1: Roast vegetables with olive oil; Step-2: Cook couscous; Step-3: Mix couscous with vegetables; Step-4: Drizzle lemon juice; Step-5: Serve warm or cold.
Baked Tofu with Vegetables,"Tofu, Broccoli, Carrot, Olive oil, Soy sauce, Garlic",Chinese,Tofu baked with vegetables and seasoning.,Step-1: Cube tofu and toss with olive oil and soy sauce; Step-2: Roast tofu and vegetables; Step-3: Sauté garlic; Step-4: Mix roasted tofu and vegetables; Step-5: Serve hot.
Chickpea Burgers,"Chickpeas, Onion, Garlic, Carrot, Breadcrumbs, Olive oil",American,"Vegetarian burger made with mashed chickpeas, spices, and breadcrumbs.",Step-1: Mash chickpeas and mix with vegetables and breadcrumbs; Step-2: Form patties; Step-3: Heat olive oil and cook patties 5 min each side; Step-4: Serve in bun with toppings; Step-5: Serve hot.
Eggplant and Tomato Stew,"Eggplant, Tomato, Onion, Garlic, Olive oil, Herbs",Mediterranean,Slow-cooked eggplant and tomatoes with herbs and spices.,Step-1: Sauté onion and garlic; Step-2: Add eggplant and cook until soft; Step-3: Add tomato and herbs; Step-4: Simmer 10-15 min; Step-5: Serve warm.
Spinach and Chickpea Patties,"Spinach, Chickpeas, Onion, Garlic, Flour, Olive oil",Middle Eastern,Pan-fried patties made from spinach and chickpeas.,Step-1: Mash chickpeas and mix with spinach and onion; Step-2: Form patties; Step-3: Heat olive oil and fry patties; Step-4: Cook until golden; Step-5: Serve hot with sauce.
Vegetable Korma,"Carrot, Peas, Potato, Onion, Garlic, Coconut milk, Spices",Indian,Mildly spiced Indian curry with assorted vegetables in a creamy sauce.,Step-1: Sauté onion and garlic; Step-2: Add vegetables and spices; Step-3: Pour coconut milk and simmer; Step-4: Cook until tender; Step-5: Serve with rice.
Quinoa Veggie Bowl,"Quinoa, Broccoli, Carrot, Bell pepper, Soy sauce, Olive oil",Mediterranean,"Healthy bowl with quinoa, vegetables, and dressing.",Step-1: Cook quinoa; Step-2: Sauté vegetables; Step-3: Mix with quinoa; Step-4: Add soy sauce and olive oil; Step-5: Serve warm.
Roasted Carrot Soup,"Carrot, Onion, Garlic, Vegetable broth, Olive oil, Cream",American,Smooth soup made with roasted carrots and seasonings.,Step-1: Roast carrots with olive oil; Step-2: Sauté onion and garlic; Step-3: Add carrots and broth; Step-4: Blend until smooth; Step-5: Add cream and serve hot.
Tofu and Broccoli Stir Fry,"Tofu, Broccoli, Garlic, Soy sauce, Olive oil, Ginger",Chinese,Stir-fried tofu and broccoli with garlic and soy sauce.,Step-1: Cube tofu and sauté until golden; Step-2: Sauté garlic and ginger; Step-3: Add broccoli and cook; Step-4: Add tofu and soy sauce; Step-5: Toss and serve.
Veggie Omelette,"Eggs, Tomato, Onion, Bell pepper, Spinach, Cheese",American,Egg omelette filled with assorted vegetables.,Step-1: Beat eggs; Step-2: Sauté vegetables; Step-3: Pour eggs over vegetables; Step-4: Add cheese; Step-5: Cook until set and serve.
Mushroom and Spinach Pasta,"Pasta, Mushroom, Spinach, Garlic, Olive oil, Parmesan",Italian,"Pasta tossed with sautéed mushrooms, spinach, and olive oil.",Step-1: Cook pasta; Step-2: Sauté garlic and mushrooms; Step-3: Add spinach and cook until wilted; Step-4: Toss pasta with vegetables; Step-5: Serve with Parmesan.
Lentil and Rice Pilaf,"Lentils, Rice, Onion, Garlic, Carrot, Olive oil, Spices",Middle Eastern,Aromatic rice cooked with lentils and spices.,"Step-1: Sauté onion, garlic, and carrot; Step-2: Add lentils and cook 5 min; Step-3: Add rice and water; Step-4: Simmer until cooked; Step-5: Serve warm."
Roasted Cauliflower Tacos,"Cauliflower, Tortillas, Onion, Garlic, Olive oil, Spices",Mexican,"Tacos filled with roasted cauliflower, vegetables, and sauces.",Step-1: Roast cauliflower with olive oil and spices; Step-2: Warm tortillas; Step-3: Sauté onion and garlic; Step-4: Assemble tacos with roasted cauliflower; Step-5: Serve hot.
Chickpea and Vegetable Curry,"Chickpeas, Carrot, Peas, Onion, Garlic, Coconut milk, Curry powder",Indian,Chickpeas and mixed vegetables cooked in spiced curry sauce.,Step-1: Sauté onion and garlic; Step-2: Add vegetables and spices; Step-3: Add chickpeas and coconut milk; Step-4: Simmer until cooked; Step-5: Serve with rice.
Sweet Potato and Lentil Soup,"Sweet potato, Red lentils, Onion, Garlic, Vegetable broth, Spices",African,"Hearty soup with sweet potatoes, lentils, and spices.","Step-1: Sauté onion and garlic; Step-2: Add sweet potato, lentils, and spices; Step-3: Add broth and simmer; Step-4: Blend slightly; Step-5: Serve hot."
Spinach and Feta Pasta,"Pasta, Spinach, Feta, Onion, Garlic, Olive oil",Greek,"Pasta tossed with spinach, feta cheese, and olive oil.",Step-1: Cook pasta; Step-2: Sauté onion and garlic; Step-3: Add spinach until wilted; Step-4: Toss with pasta and feta; Step-5: Serve warm.
Veggie Fried Noodles,"Noodles, Carrot, Bell pepper, Onion, Garlic, Soy sauce",Chinese,Stir-fried noodles with vegetables and soy sauce.,Step-1: Cook noodles; Step-2: Sauté vegetables; Step-3: Add garlic and soy sauce; Step-4: Add noodles and toss; Step-5: Serve hot.
Grilled Veggie Sandwich,"Bread, Zucchini, Bell pepper, Eggplant, Hummus",Mediterranean,"Sandwich with grilled vegetables, cheese, and spreads.",Step-1: Roast vegetables; Step-2: Spread hummus on bread; Step-3: Layer roasted vegetables; Step-4: Assemble sandwich; Step-5: Serve warm.
Chickpea Salad,"Chickpeas, Tomato, Cucumber, Onion, Lemon juice, Olive oil",Middle Eastern,"Simple salad of chickpeas, vegetables, and dressing.",Step-1: Mix all ingredients; Step-2: Season with salt and pepper; Step-3: Toss well; Step-4: Chill if desired; Step-5: Serve fresh.
Quinoa and Roasted Veggies,"Quinoa, Zucchini, Bell pepper, Carrot, Olive oil, Lemon juice",Mediterranean,Roasted vegetables served over quinoa with a light dressing.,Step-1: Roast vegetables; Step-2: Cook quinoa; Step-3: Mix quinoa with roasted vegetables; Step-4: Drizzle lemon juice; Step-5: Serve warm or cold.
Sweet Potato Mash,"Sweet potato, Olive oil, Salt, Pepper",American,"Creamy mashed sweet potatoes, often with spices or butter.",Step-1: Boil sweet potatoes until tender; Step-2: Mash with olive oil; Step-3: Season with salt and pepper; Step-4: Mix well; Step-5: Serve hot.
Vegetable Samosa,"Potatoes, Peas, Carrot, Onion, Flour, Spices",Indian,Deep-fried pastry filled with spiced vegetables.,Step-1: Cook and mash vegetables with spices; Step-2: Prepare dough; Step-3: Fill dough with vegetable mixture; Step-4: Fold and seal; Step-5: Bake or fry until golden.
Roasted Bell Pepper Soup,"Bell pepper, Tomato, Onion, Garlic, Vegetable broth, Olive oil",Mediterranean,Smooth soup made with roasted red bell peppers.,Step-1: Roast bell peppers; Step-2: Sauté onion and garlic; Step-3: Add roasted peppers and broth; Step-4: Blend until smooth; Step-5: Serve hot.
Veggie Pad See Ew,"Rice noodles, Broccoli, Carrot, Garlic, Soy sauce, Olive oil",Thai,Thai stir-fried wide rice noodles with vegetables and soy sauce.,Step-1: Cook rice noodles; Step-2: Sauté garlic and vegetables; Step-3: Add noodles and soy sauce; Step-4: Toss well; Step-5: Serve immediately.
Chickpea and Spinach Quesadilla,"Tortilla, Chickpeas, Spinach, Onion, Cheese",Mexican,"Tortilla filled with chickpeas, spinach, and cheese.",Step-1: Sauté onion and spinach; Step-2: Mash chickpeas and mix with vegetables; Step-3: Place mixture and cheese on tortilla; Step-4: Cook on pan until golden; Step-5: Serve hot.
Broccoli and Cheddar Soup,"Broccoli, Onion, Garlic, Vegetable broth, Cheddar, Olive oil",American,Creamy soup made with broccoli and cheddar cheese.,Step-1: Sauté onion and garlic; Step-2: Add broccoli and broth; Step-3: Simmer until tender; Step-4: Blend until smooth; Step-5: Add cheddar and serve hot.
Roasted Veggie Pasta Salad,"Pasta, Zucchini, Bell pepper, Carrot, Olive oil, Lemon juice",Mediterranean,Pasta salad with roasted vegetables and light dressing.,Step-1: Roast vegetables; Step-2: Cook pasta; Step-3: Mix pasta with vegetables; Step-4: Drizzle lemon juice and olive oil; Step-5: Serve warm or cold.
Spinach and Mushroom Frittata,"Eggs, Spinach, Mushroom, Onion, Olive oil, Cheese",Italian,Italian-style omelette baked with spinach and mushrooms.,"Step-1: Sauté onion and mushroom; Step-2: Add spinach; Step-3: Beat eggs with cheese, pour over vegetables; Step-4: Cook until set; Step-5: Serve warm."
Roasted Vegetable Curry,"Carrot, Potato, Peas, Onion, Garlic, Coconut milk, Curry powder",Indian,Mixed roasted vegetables cooked in curry sauce.,Step-1: Sauté onion and garlic; Step-2: Add vegetables and curry powder; Step-3: Pour coconut milk and simmer; Step-4: Cook until tender; Step-5: Serve with rice.
Vegetable Jambalaya,"Rice, Bell pepper, Onion, Celery, Tomato, Garlic, Cajun spices",American,Rice dish with vegetables and spices inspired by Creole cuisine.,"Step-1: Sauté onion, celery, and bell pepper; Step-2: Add garlic and spices; Step-3: Add rice and tomatoes; Step-4: Simmer until rice is tender; Step-5: Serve hot."
Cauliflower and Chickpea Curry,"Cauliflower, Chickpeas, Onion, Garlic, Coconut milk, Curry powder",Indian,Spiced curry with roasted cauliflower and chickpeas.,Step-1: Sauté onion and garlic; Step-2: Add cauliflower and curry powder; Step-3: Pour coconut milk and simmer; Step-4: Add chickpeas and cook 10 min; Step-5: Serve with rice.
Quinoa Stuffed Tomatoes,"Tomato, Quinoa, Zucchini, Onion, Garlic, Herbs, Olive oil",Mediterranean,"Tomatoes filled with quinoa, herbs, and vegetables.","Step-1: Cook quinoa; Step-2: Sauté onion, garlic, and zucchini; Step-3: Mix quinoa with vegetables and herbs; Step-4: Hollow tomatoes and stuff; Step-5: Bake 15 min and serve."
Sweet Potato and Kale Salad,"Sweet potato, Kale, Red onion, Olive oil, Lemon juice, Pumpkin seeds",American,"Healthy salad with roasted sweet potatoes, kale, and dressing.","Step-1: Roast sweet potatoes with olive oil; Step-2: Massage kale with lemon juice; Step-3: Mix kale, sweet potatoes, and onion; Step-4: Top with pumpkin seeds; Step-5: Serve."
Veggie Chili Mac,"Macaroni, Kidney beans, Tomato, Onion, Garlic, Bell pepper, Chili powder",American,Pasta baked with vegetarian chili and cheese.,"Step-1: Cook macaroni; Step-2: Sauté onion, garlic, and bell pepper; Step-3: Add beans, tomatoes, and spices; Step-4: Mix with macaroni; Step-5: Serve hot."
Spinach and Ricotta Cannelloni,"Cannelloni, Spinach, Ricotta, Tomato sauce, Onion, Garlic",Italian,"Pasta tubes filled with ricotta and spinach, baked with tomato sauce.",Step-1: Sauté onion and garlic; Step-2: Mix ricotta with spinach; Step-3: Stuff cannelloni; Step-4: Cover with tomato sauce; Step-5: Bake until golden and serve.
Carrot and Coriander Soup,"Carrot, Onion, Garlic, Vegetable broth, Coriander, Olive oil",British,Smooth carrot soup flavored with fresh coriander.,Step-1: Sauté onion and garlic; Step-2: Add carrots and broth; Step-3: Simmer until carrots are soft; Step-4: Blend until smooth; Step-5: Garnish with coriander and serve.
Tofu and Vegetable Skewers,"Tofu, Bell pepper, Zucchini, Onion, Olive oil, Soy sauce",Chinese,Grilled skewers of tofu and assorted vegetables.,Step-1: Cube tofu and marinate in soy sauce; Step-2: Chop vegetables; Step-3: Thread tofu and vegetables onto skewers; Step-4: Grill until golden; Step-5: Serve hot.
Lentil Shepherd’s Pie,"Lentils, Carrot, Peas, Onion, Mashed potato, Olive oil",British,"Layered dish with lentils, vegetables, and mashed potato topping.","Step-1: Sauté onion, carrot, and peas; Step-2: Add cooked lentils; Step-3: Place mixture in baking dish; Step-4: Top with mashed potato; Step-5: Bake until golden and serve."
Broccoli and Tofu Stir Fry,"Broccoli, Tofu, Garlic, Soy sauce, Sesame oil",Chinese,Stir-fried broccoli and tofu with soy sauce and spices.,Step-1: Cube tofu and sauté until golden; Step-2: Add broccoli and garlic; Step-3: Stir-fry 5 min; Step-4: Add soy sauce; Step-5: Serve immediately.
Quinoa and Roasted Beet Salad,"Quinoa, Beetroot, Feta, Arugula, Olive oil, Lemon juice",Mediterranean,"Protein-rich salad with quinoa, roasted beets, and dressing.","Step-1: Roast beetroot; Step-2: Cook quinoa; Step-3: Mix quinoa, beetroot, and arugula; Step-4: Crumble feta on top; Step-5: Drizzle olive oil and lemon juice, serve."
Vegetable Paella,"Rice, Bell pepper, Green beans, Peas, Onion, Saffron",Spanish,"Spanish rice dish with saffron, bell peppers, peas, tomatoes, and other vegetables.",Step-1: Sauté onion and bell pepper; Step-2: Add rice and saffron; Step-3: Add green beans and peas; Step-4: Simmer until rice is tender; Step-5: Serve hot.
Chickpea and Spinach Tagine,"Chickpeas, Spinach, Carrot, Onion, Garlic, Tomato, Spices",Moroccan,"Moroccan-style stew with chickpeas, spinach, tomatoes, and spices, slow-cooked in a tagine.",Step-1: Sauté onion and garlic; Step-2: Add carrot and spices; Step-3: Add chickpeas and tomatoes; Step-4: Simmer until tender; Step-5: Stir in spinach and serve.
Roasted Butternut Squash Salad,"Butternut squash, Kale, Red onion, Pumpkin seeds, Olive oil, Lemon juice",American,"Salad with roasted butternut squash, greens, nuts, and a light dressing.","Step-1: Roast butternut squash; Step-2: Massage kale with lemon juice; Step-3: Mix kale, squash, and onion; Step-4: Top with pumpkin seeds; Step-5: Serve warm or cold."
Tofu and Peanut Noodles,"Rice noodles, Tofu, Carrot, Cucumber, Peanut butter, Soy sauce",Thai,"Stir-fried noodles with tofu, vegetables, and a creamy peanut sauce.","Step-1: Cook noodles; Step-2: Sauté tofu until golden; Step-3: Mix peanut butter with soy sauce; Step-4: Toss noodles, tofu, and vegetables in sauce; Step-5: Serve immediately."
Stuffed Bell Peppers with Lentils,"Bell peppers, Lentils, Tomato, Onion, Garlic, Olive oil, Spices",Mediterranean,"Bell peppers filled with lentils, rice, and vegetables, baked until tender.",Step-1: Cook lentils; Step-2: Sauté onion and garlic; Step-3: Mix lentils with sautéed vegetables; Step-4: Stuff bell peppers; Step-5: Bake 20 min and serve.
Mushroom Risotto with Peas,"Arborio rice, Mushroom, Onion, Garlic, Peas, Vegetable broth, Olive oil",Italian,Creamy Italian rice dish with mushrooms and green peas.,Step-1: Sauté onion and garlic; Step-2: Add mushrooms and cook; Step-3: Add rice and gradually broth while stirring; Step-4: Add peas and cook 5 min; Step-5: Serve hot.
Zucchini and Tomato Gratin,"Zucchini, Tomato, Onion, Garlic, Olive oil, Parmesan",French,Baked zucchini and tomatoes topped with cheese and breadcrumbs.,Step-1: Slice zucchini and tomato; Step-2: Sauté onion and garlic; Step-3: Layer vegetables and sprinkle Parmesan; Step-4: Bake 25 min; Step-5: Serve warm.
Sweet Potato and Kale Curry,"Sweet potato, Kale, Onion, Garlic, Coconut milk, Curry powder",Indian,Spicy and creamy curry with sweet potatoes and kale.,Step-1: Sauté onion and garlic; Step-2: Add sweet potato and curry powder; Step-3: Pour coconut milk and simmer; Step-4: Add kale and cook 5 min; Step-5: Serve with rice.
Roasted Vegetable Quinoa Bowl,"Quinoa, Zucchini, Bell pepper, Carrot, Olive oil, Lemon juice",Mediterranean,Healthy bowl with roasted vegetables served over quinoa with dressing.,Step-1: Roast vegetables; Step-2: Cook quinoa; Step-3: Mix quinoa and vegetables; Step-4: Drizzle lemon juice; Step-5: Serve warm or cold.
Spinach and Chickpea Soup,"Spinach, Chickpeas, Onion, Garlic, Carrot, Vegetable broth",Middle Eastern,"Hearty soup with chickpeas, spinach, and spices.","Step-1: Sauté onion, garlic, and carrot; Step-2: Add chickpeas and broth; Step-3: Simmer 10 min; Step-4: Add spinach; Step-5: Serve hot."
Roasted Veggie Fajitas,"Bell pepper, Onion, Zucchini, Tortilla, Olive oil, Spices",Mexican,Tortillas filled with roasted vegetables and Mexican spices.,Step-1: Roast vegetables with olive oil and spices; Step-2: Warm tortillas; Step-3: Fill tortillas with vegetables; Step-4: Fold and serve; Step-5: Optional: add salsa.
Lentil and Vegetable Stew,"Lentils, Carrot, Potato, Onion, Garlic, Tomato, Spices",Middle Eastern,"Thick, warming stew made with lentils and assorted vegetables.","Step-1: Sauté onion and garlic; Step-2: Add carrots and potatoes; Step-3: Add lentils, tomatoes, and spices; Step-4: Simmer until tender; Step-5: Serve warm."
Eggplant and Chickpea Stew,"Eggplant, Chickpeas, Tomato, Onion, Garlic, Olive oil, Spices",Middle Eastern,Slow-cooked eggplant and chickpeas in tomato-based sauce.,Step-1: Sauté onion and garlic; Step-2: Add eggplant and cook until soft; Step-3: Add chickpeas and tomatoes; Step-4: Simmer 15 min; Step-5: Serve warm.
Chickpea and Avocado Salad,"Chickpeas, Avocado, Tomato, Cucumber, Lemon juice, Olive oil",Mediterranean,"Fresh salad with chickpeas, avocado, herbs, and lemon dressing.",Step-1: Chop vegetables and avocado; Step-2: Mix with chickpeas; Step-3: Drizzle lemon juice and olive oil; Step-4: Toss gently; Step-5: Serve fresh.
Tofu and Vegetable Curry,"Tofu, Carrot, Peas, Bell pepper, Onion, Coconut milk, Curry powder",Indian,Tofu and vegetables cooked in a flavorful curry sauce.,Step-1: Sauté onion; Step-2: Add vegetables and curry powder; Step-3: Add coconut milk; Step-4: Add tofu and simmer 10 min; Step-5: Serve with rice.
Sweet Potato and Black Bean Tacos,"Sweet potato, Black beans, Tortilla, Onion, Spices",Mexican,"Tacos filled with roasted sweet potatoes, black beans, and spices.",Step-1: Roast sweet potato with spices; Step-2: Sauté onion and beans; Step-3: Warm tortillas; Step-4: Fill with sweet potato and beans; Step-5: Serve hot.
Roasted Cauliflower and Chickpea Bowl,"Cauliflower, Chickpeas, Olive oil, Garlic, Spices",Middle Eastern,"Bowl of roasted cauliflower and chickpeas, served with grains or greens.",Step-1: Roast cauliflower and chickpeas with olive oil and spices; Step-2: Sauté garlic; Step-3: Mix roasted veggies with garlic; Step-4: Serve warm; Step-5: Optional: top with tahini.
Vegetable Biryani,"Basmati rice, Carrot, Peas, Potato, Onion, Tomato, Spices",Indian,Aromatic rice dish with assorted vegetables and Indian spices.,Step-1: Sauté onion and spices; Step-2: Add vegetables and cook 5 min; Step-3: Add rice; Step-4: Cover and cook until rice is done; Step-5: Serve with yogurt.
Spinach and Feta Wrap,"Tortilla, Spinach, Feta, Tomato, Olive oil",Mediterranean,"Wrap with spinach, feta cheese, and vegetables.",Step-1: Chop spinach and tomato; Step-2: Mix with feta; Step-3: Spread mixture on tortilla; Step-4: Roll tightly; Step-5: Serve fresh.
Roasted Vegetable Pasta,"Pasta, Zucchini, Bell pepper, Eggplant, Tomato sauce, Olive oil",Italian,Pasta tossed with roasted seasonal vegetables and olive oil.,Step-1: Roast vegetables; Step-2: Cook pasta; Step-3: Toss pasta with roasted vegetables and tomato sauce; Step-4: Drizzle olive oil; Step-5: Serve hot.
Chickpea and Quinoa Salad,"Chickpeas, Quinoa, Cucumber, Tomato, Lemon juice, Olive oil",Mediterranean,"Protein-rich salad with chickpeas, quinoa, vegetables, and dressing.",Step-1: Cook quinoa; Step-2: Chop vegetables; Step-3: Mix with chickpeas; Step-4: Drizzle lemon juice and olive oil; Step-5: Serve fresh.
Sweet Potato and Spinach Quesadilla,"Tortilla, Sweet potato, Spinach, Onion, Cheese",Mexican,"Tortilla filled with mashed sweet potatoes, spinach, and cheese, grilled.",Step-1: Roast sweet potato; Step-2: Sauté onion and spinach; Step-3: Place mixture and cheese on tortilla; Step-4: Cook on pan until golden; Step-5: Serve hot.
Roasted Veggie and Hummus Sandwich,"Bread, Zucchini, Bell pepper, Eggplant, Hummus",Mediterranean,Sandwich with roasted vegetables and hummus spread.,Step-1: Roast vegetables; Step-2: Spread hummus on bread; Step-3: Layer vegetables; Step-4: Assemble sandwich; Step-5: Serve.
Lentil and Vegetable Shepherd’s Pie,"Lentils, Carrot, Peas, Onion, Mashed potatoes, Olive oil",British,"Layered dish with lentils, vegetables, and mashed potato topping.","Step-1: Sauté onion, carrot, and peas; Step-2: Add lentils; Step-3: Place in baking dish; Step-4: Top with mashed potatoes; Step-5: Bake 20 min and serve."
Spinach and Mushroom Risotto,"Arborio rice, Spinach, Mushroom, Onion, Garlic, Vegetable broth, Olive oil",Italian,"Creamy risotto with spinach, mushrooms, and Parmesan cheese.",Step-1: Sauté onion and garlic; Step-2: Add mushrooms and cook; Step-3: Add rice and gradually broth; Step-4: Add spinach; Step-5: Serve hot.
Chickpea and Roasted Veggie Wrap,"Tortilla, Chickpeas, Zucchini, Bell pepper, Hummus",Mediterranean,"Wrap filled with roasted vegetables, chickpeas, and sauce.",Step-1: Roast vegetables; Step-2: Mash chickpeas lightly; Step-3: Spread hummus on tortilla; Step-4: Add chickpeas and roasted veggies; Step-5: Roll and serve.
Rasgulla,"Chhena (paneer), Sugar, Water, Cardamom",Bengali,"Soft, spongy balls made from chhena (Indian cottage cheese) in sugar syrup.","Step-1: Make soft chhena from milk; Step-2: Knead chhena until smooth; Step-3: Roll into small balls; Step-4: Boil sugar syrup and add balls; Step-5: Cook 15 min, cool, and serve."
Sandesh,"Chhena, Sugar, Cardamom, Saffron",Bengali,"Bengali sweet made with fresh chhena and sugar, sometimes flavored with cardamom or saffron.",Step-1: Prepare soft chhena; Step-2: Mash chhena with sugar; Step-3: Add cardamom and saffron; Step-4: Shape into small flat discs; Step-5: Chill and serve.
Mishti Doi,"Yogurt, Milk, Jaggery or Sugar",Bengali,"Sweetened yogurt, often flavored with cardamom or jaggery.",Step-1: Boil milk and reduce slightly; Step-2: Sweeten with jaggery; Step-3: Cool to warm temperature; Step-4: Mix yogurt starter; Step-5: Set in a clay pot for 6-8 hours and serve.
Cham Cham,"Chhena, Sugar, Water, Cardamom, Rose syrup",Bengali,"Cylindrical chhena-based sweet soaked in sugar syrup, often colored.",Step-1: Make chhena and knead smooth; Step-2: Roll into oval shapes; Step-3: Boil sugar syrup; Step-4: Cook chhena in syrup 10-12 min; Step-5: Cool and soak in rose syrup.
Pantua,"Chhena, Flour, Sugar, Ghee",Bengali,"Deep-fried chhena balls soaked in sugar syrup, similar to gulab jamun.",Step-1: Mix chhena with flour; Step-2: Shape into balls; Step-3: Deep fry until golden; Step-4: Boil sugar syrup; Step-5: Soak fried balls in syrup and serve.
Kheer,"Rice, Milk, Sugar, Cardamom, Nuts",Bengali,"Indian rice pudding cooked with milk, sugar, and flavored with cardamom and nuts.","Step-1: Wash rice and soak 15 min; Step-2: Boil milk and add rice; Step-3: Cook slowly until thick; Step-4: Add sugar, cardamom, and nuts; Step-5: Serve warm or chilled."
Roshogolla,"Chhena, Sugar, Water, Rose water",Bengali,"Soft, spongy chhena balls in light sugar syrup, similar to Rasgulla.",Step-1: Make smooth chhena; Step-2: Roll into small balls; Step-3: Boil sugar syrup; Step-4: Add balls and cook 10 min; Step-5: Add rose water and serve.
Nolen Gur Sandesh,"Chhena, Nolen gur (date palm jaggery), Cardamom",Bengali,"Sandesh flavored with date palm jaggery (nolen gur), giving a caramel-like taste.",Step-1: Knead chhena smooth; Step-2: Mix melted nolen gur; Step-3: Add cardamom; Step-4: Shape into discs or balls; Step-5: Chill and serve.
Labanga Latika,"Khoya, Sugar, Ghee, Cardamom, Flour, Clove",Bengali,"Sweet pastry filled with khoya or coconut, folded, and fried, often flavored with cloves.",Step-1: Make dough from flour and ghee; Step-2: Prepare sweet khoya filling; Step-3: Wrap filling in dough and seal with clove; Step-4: Fry until golden; Step-5: Dip in sugar syrup and serve.
Chhena Poda,"Chhena, Sugar, Semolina, Cardamom",Bengali,"Baked chhena dessert from Odisha, slightly caramelized on top.","Step-1: Mix chhena, sugar, semolina, cardamom; Step-2: Pour into greased pan; Step-3: Bake 30-40 min until brown; Step-4: Cool; Step-5: Slice and serve."
Misti Pulao,"Rice, Milk, Sugar, Nuts, Saffron",Bengali,"Sweet rice dish cooked with sugar, ghee, and dried fruits.",Step-1: Wash and soak rice; Step-2: Boil milk with sugar and saffron; Step-3: Add rice and cook until tender; Step-4: Garnish with nuts; Step-5: Serve warm or chilled.
Patishapta,"Rice flour, Jaggery, Coconut, Khoya",Bengali,"Bengali crepes filled with coconut, khoya, or jaggery.",Step-1: Make thin crepes from rice flour; Step-2: Prepare sweet coconut-khoya filling; Step-3: Fill crepes and roll; Step-4: Arrange on plate; Step-5: Serve warm.
Kumror Chutney Dessert,"Pumpkin, Jaggery, Milk, Cardamom",Bengali,Sweet preparation made from pumpkin and sugar/jaggery.,Step-1: Boil pumpkin until soft; Step-2: Mash pumpkin; Step-3: Cook with jaggery and milk; Step-4: Add cardamom; Step-5: Serve warm or chilled.
Chhena Malpua,"Chhena, Flour, Sugar, Milk, Cardamom",Bengali,"Fried pancakes soaked in sugar syrup, made from chhena and flour.",Step-1: Mix chhena with flour and milk; Step-2: Prepare batter; Step-3: Fry small pancakes in ghee; Step-4: Boil sugar syrup; Step-5: Dip malpuas and serve.
Payesh,"Rice, Milk, Sugar, Cardamom, Nutmeg",Bengali,"Bengali rice pudding similar to Kheer, flavored with milk, sugar, and cardamom.",Step-1: Boil milk; Step-2: Add rice and cook until soft; Step-3: Add sugar and spices; Step-4: Simmer 10 min; Step-5: Garnish with nuts and serve.
Khira Moa,"Chhena, Sugar, Cardamom",Bengali,Small sweet balls made from chhena and khoya.,Step-1: Make soft chhena; Step-2: Mash and knead with sugar; Step-3: Add cardamom; Step-4: Shape into small balls; Step-5: Serve chilled.
Chhena Barfi,"Chhena, Sugar, Cardamom, Ghee",Bengali,"Fudge-like sweet made from chhena, sugar, and sometimes flavored with nuts.",Step-1: Knead chhena; Step-2: Cook with sugar over low heat; Step-3: Add cardamom; Step-4: Pour into greased tray; Step-5: Cool and cut into squares.
Dudh Puli,"Rice flour, Coconut, Jaggery, Milk",Bengali,"Steamed rice flour dumplings filled with jaggery and coconut, served with milk.",Step-1: Mix rice flour and milk to make dough; Step-2: Prepare coconut-jaggery filling; Step-3: Shape dough around filling; Step-4: Steam puli; Step-5: Serve warm.
Nolen Gur Payesh,"Rice, Milk, Nolen Gur, Cardamom",Bengali,Rice pudding sweetened with date palm jaggery (nolen gur).,Step-1: Boil milk; Step-2: Add rice and cook until soft; Step-3: Add melted nolen gur; Step-4: Add cardamom; Step-5: Serve warm or chilled.
Ras Malai,"Chhena, Milk, Sugar, Cardamom, Saffron",Bengali,Soft chhena balls soaked in thickened sweetened milk flavored with cardamom.,Step-1: Make chhena balls; Step-2: Boil in sugar syrup; Step-3: Boil milk with sugar and saffron; Step-4: Add chhena balls to milk; Step-5: Chill and serve.
Chhena Gaja,"Chhena, Sugar, Flour",Bengali,Deep-fried chhena cakes soaked in sugar syrup.,Step-1: Knead chhena; Step-2: Mix with flour and shape rectangles; Step-3: Deep fry until golden; Step-4: Soak in sugar syrup; Step-5: Serve chilled.
Patisapta Roll,"Rice flour, Khoya, Coconut, Jaggery",Bengali,"Crepe rolls filled with coconut, jaggery, and khoya.","Step-1: Make thin crepes; Step-2: Mix khoya, coconut, jaggery; Step-3: Fill and roll crepes; Step-4: Arrange rolls; Step-5: Serve warm."
Narikel Naru,"Coconut, Jaggery, Cardamom",Bengali,Sweet coconut balls made with grated coconut and jaggery.,Step-1: Grate coconut; Step-2: Cook with jaggery; Step-3: Add cardamom; Step-4: Cool mixture; Step-5: Roll into balls and serve.
Chhena Pera,"Chhena, Sugar, Cardamom, Ghee",Bengali,"Sweetened chhena (cottage cheese) rounds, sometimes fried or baked.",Step-1: Mix chhena with sugar; Step-2: Shape into balls; Step-3: Fry lightly in ghee; Step-4: Cook in sugar syrup; Step-5: Serve.
Labra Mishti,"Mixed fruits, Milk, Sugar, Jaggery",Bengali,"Traditional Bengali mixed sweet, often made from khoya, jaggery, and coconut.",Step-1: Boil chopped fruits; Step-2: Add milk and sugar; Step-3: Simmer until thick; Step-4: Add jaggery; Step-5: Cool and serve.
Kheer Kadam,"Chhena, Khoya, Sugar, Cardamom",Bengali,Small rasgulla-like chhena balls coated with khoya (milk solids).,Step-1: Prepare small chhena balls; Step-2: Roll in sweet khoya mixture; Step-3: Shape evenly; Step-4: Chill 2 hours; Step-5: Serve.
Rosh Malai Peda,"Chhena, Milk, Sugar, Saffron, Cardamom",Bengali,"Soft milk-based sweet shaped like peda, soaked in syrup.","Step-1: Boil milk; Step-2: Knead chhena; Step-3: Cook chhena in milk; Step-4: Add sugar, saffron, cardamom; Step-5: Chill and serve."
Chhena Jhili,"Chhena, Sugar, Water, Ghee",Bengali,"Deep-fried chhena sweet soaked in sugar syrup, from Odisha.",Step-1: Make soft chhena; Step-2: Shape into discs; Step-3: Deep fry in ghee; Step-4: Boil sugar syrup; Step-5: Soak fried discs in syrup.
Mishti Pithe,"Rice flour, Coconut, Jaggery, Milk",Bengali,"Traditional rice flour-based Bengali sweets, often filled with coconut or jaggery.",Step-1: Mix rice flour with milk to make batter; Step-2: Prepare coconut-jaggery filling; Step-3: Fill batter in molds; Step-4: Steam until cooked; Step-5: Serve warm.
Chhena Kheeri,"Chhena, Milk, Sugar, Cardamom",Bengali,Bengali-style rice pudding made with chhena and milk.,Step-1: Boil milk; Step-2: Add chhena pieces; Step-3: Cook until soft; Step-4: Add sugar and cardamom; Step-5: Serve chilled or warm.
Patishapta with Nolen Gur,"Rice flour, Nolen Gur, Coconut, Khoya",Bengali,Crepes filled with date palm jaggery and coconut/khoya mixture.,"Step-1: Make thin crepes; Step-2: Mix coconut, khoya, nolen gur; Step-3: Fill crepes; Step-4: Roll and arrange; Step-5: Serve warm."
Rasmalai Cupcakes,"Chhena, Sugar, Milk, Cardamom",Bengali,"Modern dessert inspired by rasmalai, chhena-based cupcakes soaked in milk syrup.",Step-1: Prepare chhena balls; Step-2: Boil sugar syrup; Step-3: Cook chhena in milk with cardamom; Step-4: Place in cupcake cups; Step-5: Chill and serve.
Chhena Bhapa,"Chhena, Sugar, Khoya, Cardamom",Bengali,"Steamed chhena sweet, often flavored with cardamom.",Step-1: Mix chhena with sugar and khoya; Step-2: Add cardamom; Step-3: Pour into greased cups; Step-4: Steam 15 min; Step-5: Serve warm.
Kumror Sandesh,"Pumpkin, Chhena, Sugar, Cardamom",Bengali,"Pumpkin-based sweet, made with khoya or chhena.",Step-1: Cook pumpkin and mash; Step-2: Mix with chhena and sugar; Step-3: Add cardamom; Step-4: Shape into small discs; Step-5: Chill and serve.
Moa with Nolen Gur,"Rice puffs, Nolen Gur, Coconut, Sugar",Bengali,Small balls made from puffed rice and date palm jaggery.,Step-1: Roast rice puffs lightly; Step-2: Melt nolen gur with sugar; Step-3: Mix with rice puffs; Step-4: Shape into balls; Step-5: Serve.
Chhena Payesh,"Chhena, Milk, Sugar, Cardamom",Bengali,"Rice pudding made with chhena and milk, flavored with cardamom.",Step-1: Boil milk; Step-2: Add chhena; Step-3: Cook until soft; Step-4: Add sugar and cardamom; Step-5: Serve chilled.
Rasgulla Roll,"Chhena, Sugar, Coconut, Cardamom",Bengali,"Rolled version of soft, spongy chhena balls soaked in sugar syrup.",Step-1: Make soft chhena balls; Step-2: Boil in sugar syrup; Step-3: Roll in grated coconut and cardamom; Step-4: Chill; Step-5: Serve.
Kacha Aamer Sandesh,"Chhena, Raw mango pulp, Sugar, Cardamom",Bengali,Sandesh flavored with raw mango pulp for a fruity taste.,Step-1: Prepare chhena; Step-2: Mix with raw mango pulp and sugar; Step-3: Add cardamom; Step-4: Shape into discs; Step-5: Chill and serve.
Nolen Gur Barfi,"Chhena, Nolen Gur, Cardamom",Bengali,Fudge-like sweet made with date palm jaggery (nolen gur) and khoya.,Step-1: Knead chhena; Step-2: Add melted nolen gur; Step-3: Mix with cardamom; Step-4: Pour into tray; Step-5: Cool and cut into squares.
Patishapta Dessert,"Rice flour, Coconut, Khoya, Sugar",Bengali,Bengali crepe with coconut and khoya/jaggery filling.,Step-1: Make thin crepes; Step-2: Prepare sweet filling; Step-3: Fill crepes; Step-4: Roll and arrange; Step-5: Serve warm.
Chhena Rasmalai,"Chhena, Milk, Sugar, Cardamom",Bengali,"Soft chhena balls soaked in sweetened, thickened milk.",Step-1: Boil milk with sugar; Step-2: Prepare chhena balls; Step-3: Boil balls in sugar syrup; Step-4: Add to milk with cardamom; Step-5: Chill and serve.
Nolen Gur Payesh Rolls,"Rice, Milk, Nolen Gur, Cardamom",Bengali,Rolls of rice pudding sweetened with date palm jaggery.,Step-1: Boil milk; Step-2: Add rice and cook until soft; Step-3: Mix melted nolen gur; Step-4: Pour into molds; Step-5: Chill and serve.
Chhena Pitha,"Chhena, Rice flour, Jaggery, Coconut",Bengali,Traditional steamed or fried rice flour and chhena sweet.,Step-1: Knead chhena with rice flour; Step-2: Prepare coconut-jaggery filling; Step-3: Shape dough with filling; Step-4: Steam or fry; Step-5: Serve warm.
Labanga Moa,"Chhena, Khoya, Sugar, Clove",Bengali,"Sweet balls flavored with cloves, made with chhena and jaggery.",Step-1: Knead chhena with khoya; Step-2: Add sugar; Step-3: Shape into small balls; Step-4: Insert clove on top; Step-5: Chill and serve.
Moa Sandesh,"Rice puffs, Chhena, Sugar, Cardamom",Bengali,"Puffed rice and chhena sweet balls, lightly sweetened with jaggery.",Step-1: Roast rice puffs; Step-2: Mix chhena with sugar; Step-3: Add cardamom; Step-4: Mix with rice puffs; Step-5: Shape into balls and serve.
Prawn Malai Curry,"Prawns, Coconut milk, Onion, Garlic, Ginger, Turmeric, Chili",Bengali,Creamy curry with prawns cooked in coconut milk and spices.,"Step-1: Sauté onion, garlic, ginger; Step-2: Add turmeric and chili; Step-3: Add prawns and cook 5 min; Step-4: Pour coconut milk and simmer 10 min; Step-5: Serve with rice."
Lau Chingri (Bottle Gourd & Prawns),"Bottle gourd, Prawns, Onion, Garlic, Mustard oil, Spices",Bengali,Bengali dish with prawns and bottle gourd cooked in mustard-based sauce.,Step-1: Sauté onion and garlic in mustard oil; Step-2: Add chopped bottle gourd; Step-3: Cook until soft; Step-4: Add prawns and spices; Step-5: Simmer and serve with rice.
Shukto,"Bitter gourd, Eggplant, Pumpkin, Carrot, Mustard seeds, Coconut",Bengali,"Bengali mixed vegetable stew with bitter gourd, lightly spiced and tempered.",Step-1: Boil vegetables until soft; Step-2: Sauté mustard seeds; Step-3: Add vegetables with coconut; Step-4: Cook 10 min; Step-5: Serve warm.
Macher Jhol,"Fish, Potato, Tomato, Mustard oil, Turmeric, Chili",Bengali,"Traditional Bengali fish curry with light broth, vegetables, and spices.",Step-1: Heat mustard oil and sauté turmeric; Step-2: Add fish pieces and fry lightly; Step-3: Add potato and tomato; Step-4: Simmer 15 min; Step-5: Serve with rice.
Kosha Mangsho,"Goat meat, Onion, Garlic, Yogurt, Spices",Bengali,Slow-cooked spicy Bengali-style mutton curry.,Step-1: Marinate meat in yogurt and spices; Step-2: Sauté onion and garlic; Step-3: Add meat and cook until tender; Step-4: Add water and simmer 30 min; Step-5: Serve hot with rice.
Chicken Kabsa,"Chicken, Rice, Onion, Garlic, Tomato, Spices",Arabian,Aromatic Saudi rice dish with chicken and spices.,"Step-1: Sauté onion, garlic, and spices; Step-2: Brown chicken; Step-3: Add tomato and rice; Step-4: Add water and simmer until rice cooked; Step-5: Serve hot."
Lamb Mandi,"Lamb, Rice, Onion, Garlic, Cardamom, Cinnamon",Arabian,"Yemeni-style rice and lamb dish, slow-cooked with spices.",Step-1: Sauté onion and spices; Step-2: Brown lamb; Step-3: Add rice and water; Step-4: Cook in covered pot 30-40 min; Step-5: Serve garnished with fried onions.
Chicken Machboos,"Chicken, Rice, Onion, Tomato, Spices",Arabian,Spiced chicken rice dish from Gulf cuisine.,Step-1: Sauté onion and spices; Step-2: Brown chicken; Step-3: Add rice and water; Step-4: Simmer until rice and chicken tender; Step-5: Serve hot.
Kunafa with Pistachio,"Kunafa pastry, Cheese, Sugar syrup, Pistachio",Arabian,"Middle Eastern dessert with shredded pastry, cheese, syrup, and pistachios.",Step-1: Layer kunafa with butter; Step-2: Add cheese and pistachio; Step-3: Top with pastry; Step-4: Bake 25 min; Step-5: Pour sugar syrup before serving.
Muhammara,"Roasted red peppers, Walnuts, Olive oil, Garlic, Pomegranate molasses",Middle Eastern,Spicy roasted red pepper and walnut dip from Levant region.,"Step-1: Roast peppers; Step-2: Blend peppers, walnuts, garlic, olive oil, pomegranate molasses; Step-3: Adjust seasoning; Step-4: Chill; Step-5: Serve with bread."
Harira,"Lentils, Chickpeas, Tomato, Onion, Celery, Spices",Moroccan,"Moroccan lentil and chickpea soup, often served during Ramadan.","Step-1: Sauté onion, celery, spices; Step-2: Add lentils, chickpeas, tomato; Step-3: Add water and simmer 30 min; Step-4: Adjust seasoning; Step-5: Serve hot."
Moroccan Carrot Soup,"Carrot, Onion, Garlic, Ginger, Spices",Moroccan,Creamy spiced carrot soup with Moroccan flavors.,"Step-1: Sauté onion, garlic, ginger; Step-2: Add chopped carrot and spices; Step-3: Add water and simmer 20 min; Step-4: Blend until smooth; Step-5: Serve warm."
Harissa Roasted Vegetables,"Carrot, Zucchini, Bell pepper, Harissa paste, Olive oil",Moroccan,Oven-roasted vegetables coated in spicy North African harissa paste.,Step-1: Preheat oven; Step-2: Toss vegetables with olive oil and harissa; Step-3: Roast 25 min; Step-4: Stir halfway; Step-5: Serve hot.
Stuffed Eggplant,"Eggplant, Minced meat or tofu, Onion, Tomato, Spices",Middle Eastern,"Eggplant filled with vegetables, grains, or meat and baked or stewed.",Step-1: Hollow eggplants; Step-2: Sauté filling ingredients; Step-3: Stuff eggplants; Step-4: Bake 25 min; Step-5: Serve warm.
Fattoush with Pomegranate,"Lettuce, Tomato, Cucumber, Pita, Pomegranate, Lemon juice",Middle Eastern,"Fresh Levantine salad with lettuce, tomatoes, cucumbers, radishes, toasted pita, and pomegranate seeds.",Step-1: Chop vegetables; Step-2: Toast pita; Step-3: Mix all ingredients; Step-4: Add lemon juice; Step-5: Serve chilled.
Beetroot Hummus,"Beetroot, Chickpeas, Tahini, Lemon juice, Garlic",Middle Eastern,Smooth beetroot-infused chickpea dip with tahini and lemon.,"Step-1: Boil beetroot; Step-2: Blend with chickpeas, tahini, lemon, garlic; Step-3: Adjust salt; Step-4: Chill; Step-5: Serve with bread."
Za’atar Bread,"Flour, Yeast, Olive oil, Za’atar, Salt",Middle Eastern,"Flatbread sprinkled with za’atar spice blend, baked until golden.",Step-1: Prepare dough; Step-2: Roll flat; Step-3: Brush with olive oil and sprinkle za’atar; Step-4: Bake 15 min; Step-5: Serve warm.
Arabian Lentil Soup,"Red lentils, Onion, Garlic, Tomato, Spices",Arabian,"Spiced soup with red lentils, tomatoes, and Middle Eastern spices.","Step-1: Sauté onion, garlic, spices; Step-2: Add lentils and tomato; Step-3: Add water and simmer 20 min; Step-4: Blend if desired; Step-5: Serve warm."
Chicken Shawarma Rice Bowl,"Chicken, Rice, Yogurt, Garlic, Lemon, Spices",Arabian,"Deconstructed shawarma with rice, grilled chicken, vegetables, and sauces.",Step-1: Marinate chicken in yogurt and spices 1 hr; Step-2: Grill chicken; Step-3: Cook rice; Step-4: Layer rice and chicken; Step-5: Serve with salad.
Prawn Pulao,"Prawns, Rice, Onion, Garlic, Spices",Bengali,"Fragrant rice dish with prawns, spices, and sometimes nuts.",Step-1: Sauté onion and garlic; Step-2: Add prawns; Step-3: Add rice and water; Step-4: Cover and simmer until rice cooked; Step-5: Serve hot.
Dhokar Dalna,"Lentil cake (Chana dal), Onion, Tomato, Spices",Bengali,Bengali lentil cakes cooked in spicy tomato-based curry.,Step-1: Soak chana dal and grind into paste; Step-2: Steam lentil cakes; Step-3: Sauté onion and tomato; Step-4: Add cakes and simmer in gravy; Step-5: Serve with rice.
Chingri Bhapa,"Prawns, Mustard paste, Coconut, Mustard oil",Bengali,"Steamed Bengali prawns with mustard, coconut, and spices.",Step-1: Mix prawns with mustard paste and coconut; Step-2: Steam 15 min; Step-3: Heat mustard oil; Step-4: Pour over prawns; Step-5: Serve hot.
Doi Maach,"Fish, Yogurt, Onion, Garlic, Mustard oil",Bengali,Bengali fish curry cooked in a yogurt-based sauce.,Step-1: Marinate fish in yogurt and spices; Step-2: Sauté onion and garlic; Step-3: Add fish and cook 10 min; Step-4: Add sauce and simmer; Step-5: Serve with rice.
Vegetable Tagine,"Carrot, Zucchini, Chickpeas, Onion, Tomato, Spices",Moroccan,Moroccan slow-cooked vegetable stew with aromatic spices.,Step-1: Sauté onion; Step-2: Add vegetables and spices; Step-3: Add chickpeas and simmer; Step-4: Cook 20 min; Step-5: Serve hot.
Chicken Tagine with Apricot,"Chicken, Onion, Apricot, Almonds, Spices",Moroccan,"Moroccan chicken stew cooked with apricots, almonds, and spices.",Step-1: Sauté onion and spices; Step-2: Brown chicken; Step-3: Add apricot and water; Step-4: Simmer 25 min; Step-5: Garnish with almonds and serve.
Harira Lentil Stew,"Lentils, Chickpeas, Tomato, Celery, Onion, Spices",Moroccan,"Thick Moroccan soup/stew with lentils, chickpeas, tomatoes, and spices.","Step-1: Sauté onion, celery, spices; Step-2: Add lentils, chickpeas, tomato; Step-3: Simmer 30 min; Step-4: Adjust seasoning; Step-5: Serve hot."
Labneh Stuffed Zucchini,"Zucchini, Labneh, Garlic, Mint, Olive oil",Middle Eastern,Zucchini stuffed with labneh (strained yogurt) and herbs.,Step-1: Hollow zucchini; Step-2: Mix labneh with garlic and mint; Step-3: Stuff zucchini; Step-4: Bake 15 min; Step-5: Serve warm.
Muhammara Flatbread,"Flour, Roasted red pepper, Walnut, Garlic, Olive oil",Middle Eastern,Flatbread topped with spicy roasted red pepper and walnut dip.,"Step-1: Prepare dough; Step-2: Blend roasted pepper, walnut, garlic, olive oil; Step-3: Spread on flatbread; Step-4: Bake 15 min; Step-5: Serve hot."
Falafel Salad,"Paneer, Fenugreek leaves, Cream, Onion, Spices",Indian,"Salad with crispy falafel, vegetables, and dressing.",Step-1: Sauté onion; Step-2: Add fenugreek leaves; Step-3: Add paneer cubes and cream; Step-4: Simmer 10 min; Step-5: Serve with naan.
Stuffed Grape Leaves,"Eggplant, Onion, Tomato, Garlic, Spices",Indian,"Grape leaves stuffed with rice, herbs, and spices (Dolma).",Step-1: Roast eggplant; Step-2: Mash; Step-3: Sauté onion and tomato; Step-4: Add mashed eggplant and spices; Step-5: Serve hot.
Mujaddara,"Cauliflower, Yogurt, Spices, Lemon",Indian,"Lentils and rice topped with caramelized onions, Levantine comfort food.",Step-1: Marinate cauliflower in yogurt and spices 30 min; Step-2: Bake or grill 20 min; Step-3: Drizzle lemon juice; Step-4: Serve hot; Step-5: Garnish with cilantro.
Tomato Chutney,"Tomato, Garlic, Chili, Sugar, Lemon juice",Bengali,"Spiced tomato relish, often served as a condiment with Indian dishes.",Step-1: Sauté garlic and chili; Step-2: Add chopped tomatoes and sugar; Step-3: Cook until soft; Step-4: Blend; Step-5: Add lemon juice and serve.
Morog Polao,"Chicken, Rice, Onion, Garlic, Ghee, Spices",Bengali,"Aromatic chicken pilaf with rice, spices, and sometimes nuts.","Step-1: Sauté onion, garlic, and spices; Step-2: Brown chicken; Step-3: Add rice and water; Step-4: Simmer until cooked; Step-5: Serve hot."
Za’atar Roasted Chicken,"Chicken, Olive oil, Za’atar, Garlic, Lemon",Middle Eastern,Chicken roasted with Middle Eastern za’atar spice blend.,"Step-1: Marinate chicken in olive oil, za’atar, garlic, lemon 1 hr; Step-2: Roast 35 min; Step-3: Rest 5 min; Step-4: Slice; Step-5: Serve hot."
Lentil & Spinach Stew,"Lentils, Spinach, Onion, Garlic, Spices",Middle Eastern,"Hearty stew with lentils, spinach, and aromatic spices.",Step-1: Sauté onion and garlic; Step-2: Add lentils and water; Step-3: Cook until tender; Step-4: Add spinach and simmer 5 min; Step-5: Serve warm.
Chicken Kofta Curry,"Ground chicken, Onion, Garlic, Spices, Tomato",Middle Eastern,Meatball-style chicken cooked in spiced curry sauce.,"Step-1: Mix chicken with onion, garlic, and spices; Step-2: Shape into balls; Step-3: Fry lightly; Step-4: Simmer in tomato gravy 10 min; Step-5: Serve with rice."
Harissa Roasted Cauliflower,"Cauliflower, Harissa paste, Olive oil",Moroccan,Cauliflower roasted with North African harissa paste.,Step-1: Preheat oven; Step-2: Toss cauliflower with harissa and olive oil; Step-3: Roast 25 min; Step-4: Stir halfway; Step-5: Serve hot.
Moroccan Carrot & Chickpea Soup,"Carrot, Chickpeas, Onion, Garlic, Spices",Moroccan,Spiced soup with carrots and chickpeas.,"Step-1: Sauté onion and garlic; Step-2: Add carrot, chickpeas, and spices; Step-3: Add water and simmer 20 min; Step-4: Blend partially; Step-5: Serve warm."
Chicken Tagine with Lemon,"Chicken, Preserved lemon, Onion, Garlic, Spices",Moroccan,Slow-cooked chicken with preserved lemons and olives.,Step-1: Sauté onion and garlic; Step-2: Brown chicken; Step-3: Add preserved lemon and water; Step-4: Simmer 30 min; Step-5: Serve hot.
Paneer Butter Masala,"Paneer, Tomato, Onion, Cream, Spices",Indian,Paneer cubes in creamy tomato-based curry.,Step-1: Sauté onion and tomato; Step-2: Add spices; Step-3: Add paneer; Step-4: Pour cream and simmer 5 min; Step-5: Serve with naan.
Baida Roti,"Flour, Eggs, Onion, Spices",Indian,Stuffed flatbread with egg and spices.,"Step-1: Make thin dough; Step-2: Beat eggs with onion and spices; Step-3: Roll dough, add egg mixture; Step-4: Cook on skillet until golden; Step-5: Serve hot."
Aloo Methi,"Potato, Fenugreek leaves, Onion, Spices",Indian,Potatoes stir-fried with fenugreek leaves and spices.,Step-1: Sauté onion; Step-2: Add potato and spices; Step-3: Add methi leaves; Step-4: Cook until potatoes soft; Step-5: Serve warm.
Pumpkin Halwa,"Pumpkin, Sugar, Ghee, Cardamom",Indian,"Sweet pudding made from pumpkin, sugar, and ghee.",Step-1: Grate pumpkin; Step-2: Sauté in ghee; Step-3: Add sugar and cardamom; Step-4: Cook until thick; Step-5: Serve warm.
Thai Green Curry Tofu,"Tofu, Coconut milk, Green curry paste, Vegetables",Thai,Tofu in coconut-based green curry with vegetables.,Step-1: Sauté green curry paste; Step-2: Add coconut milk; Step-3: Add vegetables and tofu; Step-4: Simmer 10 min; Step-5: Serve with rice.
Thai Mango Salad,"Mango, Carrot, Cucumber, Chili, Lime, Peanuts",Thai,"Fresh salad with mango, herbs, and light dressing.","Step-1: Julienne mango, carrot, cucumber; Step-2: Mix with chili and lime; Step-3: Toss with peanuts; Step-4: Chill 10 min; Step-5: Serve fresh."
Pad Thai with Tofu,"Rice noodles, Tofu, Egg, Bean sprouts, Peanuts, Soy sauce",Thai,"Stir-fried rice noodles with tofu, vegetables, and peanuts.",Step-1: Soak noodles; Step-2: Sauté tofu and egg; Step-3: Add vegetables; Step-4: Mix noodles and sauce; Step-5: Serve hot with peanuts.
Thai Basil Eggplant,"Eggplant, Basil, Garlic, Chili, Soy sauce",Thai,Stir-fried eggplant with Thai basil and chili.,Step-1: Sauté garlic and chili; Step-2: Add eggplant and stir-fry; Step-3: Add soy sauce; Step-4: Add basil and cook 2 min; Step-5: Serve hot.
Tofu Satay,"Tofu, Peanut butter, Soy sauce, Garlic, Lime",Thai,Grilled tofu skewers served with peanut sauce.,Step-1: Marinate tofu in peanut sauce; Step-2: Skewer tofu; Step-3: Grill 10 min; Step-4: Serve with leftover peanut sauce; Step-5: Garnish with lime.
Veggie Spring Rolls,"Rice paper, Carrot, Cabbage, Bell pepper, Tofu",Chinese,"Rolls filled with vegetables, either fried or fresh.",Step-1: Slice vegetables and tofu; Step-2: Soften rice paper; Step-3: Fill and roll tightly; Step-4: Fry or bake 10 min; Step-5: Serve with dipping sauce.
Vegetable Lo Mein,"Egg noodles, Carrot, Cabbage, Bell pepper, Soy sauce",Chinese,Stir-fried noodles with vegetables in soy-based sauce.,Step-1: Cook noodles; Step-2: Sauté vegetables; Step-3: Toss noodles with vegetables and soy sauce; Step-4: Stir-fry 2 min; Step-5: Serve hot.
Veggie Dumplings,"Flour, Cabbage, Carrot, Tofu, Soy sauce",Chinese,Steamed or fried dumplings stuffed with vegetables.,Step-1: Prepare dough; Step-2: Mix chopped vegetables and tofu; Step-3: Fill dumpling wrappers; Step-4: Steam or fry 10 min; Step-5: Serve with dipping sauce.
Labneh Stuffed Peppers,"Bell peppers, Labneh, Garlic, Mint, Olive oil",Middle Eastern,Mini peppers filled with creamy labneh and herbs.,"Step-1: Hollow peppers; Step-2: Mix labneh, garlic, mint; Step-3: Stuff peppers; Step-4: Bake 15 min; Step-5: Serve warm."
Muhammara Dip,"Roasted red pepper, Walnut, Garlic, Olive oil, Lemon juice",Middle Eastern,Spicy roasted red pepper and walnut dip.,"Step-1: Roast red peppers; Step-2: Blend with walnut, garlic, olive oil, lemon; Step-3: Adjust seasoning; Step-4: Chill; Step-5: Serve with bread."
Date & Nut Energy Balls,"Dates, Almonds, Cashews, Coconut, Cardamom",Arabian,"Sweet no-bake balls made from dates, nuts, and seeds.",Step-1: Blend dates and nuts; Step-2: Add cardamom and coconut; Step-3: Roll into balls; Step-4: Chill 10 min; Step-5: Serve as snack.
Orange Blossom Pudding,"Milk, Sugar, Cornstarch, Orange blossom water",Arabian,Creamy dessert flavored with orange blossom water.,"Step-1: Mix milk, sugar, cornstarch; Step-2: Heat until thick; Step-3: Add orange blossom water; Step-4: Pour into bowls; Step-5: Chill and serve."
Almond Ma’amoul,"Semolina, Almonds, Sugar, Butter",Arabian,Middle Eastern shortbread filled with almond paste.,Step-1: Prepare dough; Step-2: Make almond filling; Step-3: Fill dough; Step-4: Bake 20 min; Step-5: Serve warm.
Thai Basil Chicken (Pad Krapow),"Chicken, Basil, Garlic, Chili, Soy sauce, Olive oil",Thai,Stir-fried chicken with Thai basil and chili.,Step-1: Sauté garlic and chili in oil; Step-2: Add chicken and cook until browned; Step-3: Add soy sauce; Step-4: Stir in basil leaves; Step-5: Serve with rice.
Tom Kha Soup,"Coconut milk, Galangal, Mushroom, Lemon grass, Lime, Chili",Thai,Coconut milk-based Thai soup with herbs and vegetables.,Step-1: Boil coconut milk with galangal and lemongrass; Step-2: Add mushrooms and chili; Step-3: Simmer 10 min; Step-4: Add lime juice; Step-5: Serve hot.
Thai Pineapple Fried Rice,"Rice, Pineapple, Carrot, Bell pepper, Soy sauce, Cashews",Thai,"Stir-fried rice with pineapple, vegetables, and optional protein.",Step-1: Sauté vegetables; Step-2: Add cooked rice; Step-3: Stir in pineapple and soy sauce; Step-4: Add cashews; Step-5: Serve hot.
Green Curry with Tofu,"Tofu, Coconut milk, Green curry paste, Bell pepper, Basil",Thai,Tofu and vegetables cooked in Thai green curry sauce.,Step-1: Sauté curry paste; Step-2: Add coconut milk; Step-3: Add tofu and vegetables; Step-4: Simmer 10 min; Step-5: Serve with rice.
Pad See Ew,"Rice noodles, Soy sauce, Broccoli, Egg, Garlic, Tofu",Thai,Stir-fried wide rice noodles with vegetables in soy sauce.,Step-1: Cook noodles; Step-2: Sauté garlic and broccoli; Step-3: Add egg and tofu; Step-4: Toss with noodles and soy sauce; Step-5: Serve hot.
Vegetable Spring Rolls,"Rice paper, Carrot, Cabbage, Bell pepper, Tofu",Chinese,Fried or fresh rolls filled with vegetables.,Step-1: Slice vegetables and tofu; Step-2: Soften rice paper; Step-3: Fill and roll; Step-4: Fry or bake 10 min; Step-5: Serve with dipping sauce.
Sweet & Sour Tofu,"Tofu, Bell pepper, Pineapple, Vinegar, Sugar, Soy sauce",Chinese,Tofu stir-fried with vegetables in sweet and sour sauce.,"Step-1: Fry tofu; Step-2: Sauté bell pepper; Step-3: Add pineapple, sugar, vinegar, soy sauce; Step-4: Toss tofu in sauce; Step-5: Serve hot with rice."
Kung Pao Vegetables,"Bell pepper, Carrot, Peanuts, Soy sauce, Garlic, Chili",Chinese,Stir-fried vegetables with peanuts in spicy sauce.,Step-1: Sauté garlic and chili; Step-2: Add vegetables; Step-3: Stir-fry 5 min; Step-4: Add peanuts and soy sauce; Step-5: Serve hot.
Veggie Lo Mein,"Egg noodles, Carrot, Cabbage, Bell pepper, Soy sauce",Chinese,Stir-fried noodles with vegetables in soy sauce.,Step-1: Cook noodles; Step-2: Sauté vegetables; Step-3: Toss noodles with vegetables and soy sauce; Step-4: Stir-fry 2 min; Step-5: Serve hot.
Mapo Tofu (Vegetarian),"Tofu, Garlic, Ginger, Soy sauce, Chili, Green onion",Chinese,"Tofu cooked in spicy Sichuan sauce, vegetarian version.",Step-1: Sauté garlic and ginger; Step-2: Add tofu and soy sauce; Step-3: Add chili; Step-4: Simmer 5 min; Step-5: Garnish with green onion and serve.
Caprese Salad,"Tomato, Mozzarella, Basil, Olive oil, Balsamic",Italian,"Fresh mozzarella, tomatoes, and basil drizzled with olive oil.",Step-1: Slice tomato and mozzarella; Step-2: Layer with basil; Step-3: Drizzle olive oil and balsamic; Step-4: Season with salt; Step-5: Serve fresh.
Pesto Pasta,"Pasta, Basil, Pine nuts, Garlic, Olive oil, Parmesan",Italian,Pasta tossed with basil pesto sauce.,"Step-1: Cook pasta; Step-2: Blend basil, pine nuts, garlic, olive oil, Parmesan; Step-3: Toss pasta with pesto; Step-4: Serve hot; Step-5: Garnish with Parmesan."
Eggplant Parmesan,"Eggplant, Tomato sauce, Mozzarella, Parmesan, Basil",Italian,Baked eggplant slices with tomato sauce and cheese.,Step-1: Slice and roast eggplant; Step-2: Layer eggplant with tomato sauce and cheese; Step-3: Bake 25 min; Step-4: Garnish with basil; Step-5: Serve hot.
Mushroom Risotto,"Arborio rice, Mushroom, Onion, Garlic, Vegetable broth",Italian,Creamy Italian rice dish with mushrooms and Parmesan.,Step-1: Sauté onion and garlic; Step-2: Add mushrooms; Step-3: Add rice and gradually broth; Step-4: Stir until creamy; Step-5: Serve hot.
Minestrone Soup,"Carrot, Celery, Zucchini, Tomato, Pasta, Beans",Italian,Italian vegetable soup with pasta or beans.,Step-1: Sauté vegetables; Step-2: Add tomato and beans; Step-3: Add water; Step-4: Simmer 20 min; Step-5: Add pasta and cook 10 min; Step-5: Serve warm.
Margherita Pizza,"Pizza dough, Tomato sauce, Mozzarella, Basil",Italian,"Pizza topped with tomato sauce, mozzarella, and basil.",Step-1: Preheat oven; Step-2: Roll dough; Step-3: Spread sauce; Step-4: Add mozzarella and basil; Step-5: Bake 12–15 min.
Ratatouille,"Eggplant, Zucchini, Bell pepper, Tomato, Onion, Garlic",French,Stewed French vegetables with herbs.,Step-1: Slice vegetables; Step-2: Sauté onion and garlic; Step-3: Add vegetables and cook 20 min; Step-4: Season with herbs; Step-5: Serve warm.
Quiche Lorraine (Vegetarian),"Pie crust, Eggs, Milk, Spinach, Onion, Cheese",French,"Savory baked tart with vegetables, eggs, and cream.",Step-1: Preheat oven; Step-2: Sauté onion and spinach; Step-3: Beat eggs with milk and cheese; Step-4: Fill crust; Step-5: Bake 30 min.
French Onion Soup,"Onion, Butter, Garlic, Vegetable broth, Bread, Cheese",French,"Soup made with caramelized onions and broth, often topped with cheese.",Step-1: Sauté onions in butter; Step-2: Add garlic; Step-3: Add broth and simmer 20 min; Step-4: Serve with toasted bread and cheese on top; Step-5: Broil 5 min.
Coq au Vin (Vegetarian Adaptation),"Mushrooms, Onion, Carrot, Garlic, Vegetable broth",French,"Vegetarian version of chicken braised in wine, using mushrooms or tofu.","Step-1: Sauté onion, garlic, carrot; Step-2: Add mushrooms; Step-3: Add broth and herbs; Step-4: Simmer 25 min; Step-5: Serve hot."
Ratatouille Pasta,"Pasta, Eggplant, Zucchini, Tomato, Olive oil",French/Italian,Pasta tossed with ratatouille vegetables and olive oil.,Step-1: Cook pasta; Step-2: Sauté vegetables; Step-3: Add tomato sauce; Step-4: Toss pasta with sauce; Step-5: Serve hot.
American Veggie Burger,"Veggie patty, Lettuce, Tomato, Bun, Pickles",American,Vegetarian burger patty served in a bun with toppings.,"Step-1: Cook veggie patty; Step-2: Toast buns; Step-3: Assemble burger with lettuce, tomato, pickles; Step-4: Serve with fries; Step-5: Optional: add sauce."
Mac and Cheese,"Pasta, Cheese, Milk, Butter, Flour",American,Pasta baked with creamy cheese sauce.,"Step-1: Cook pasta; Step-2: Make cheese sauce with butter, flour, milk, cheese; Step-3: Combine pasta and sauce; Step-4: Bake optional 15 min; Step-5: Serve hot."
Vegetable Chili,"Kidney beans, Tomato, Onion, Carrot, Bell pepper, Spices",American,"Hearty chili with beans, vegetables, and spices.",Step-1: Sauté onion and vegetables; Step-2: Add tomato and beans; Step-3: Add spices; Step-4: Simmer 20 min; Step-5: Serve hot.
Cornbread,"Cornmeal, Flour, Sugar, Baking powder, Milk, Oil",American,Sweet or savory baked bread made from cornmeal.,Step-1: Preheat oven; Step-2: Mix dry ingredients; Step-3: Add milk and oil; Step-4: Pour into pan; Step-5: Bake 20 min.
Butternut Squash Soup,"Butternut squash, Onion, Garlic, Vegetable broth, Cream",American,Creamy soup made with roasted butternut squash.,Step-1: Sauté onion and garlic; Step-2: Add squash and broth; Step-3: Simmer 20 min; Step-4: Blend until smooth; Step-5: Add cream and serve.
Vegan Macaroni Salad,"Pasta, Carrot, Peas, Vegan mayo, Vinegar",American,Cold pasta salad with vegan dressing and vegetables.,Step-1: Cook pasta; Step-2: Mix vegetables; Step-3: Add vegan mayo and vinegar; Step-4: Chill 30 min; Step-5: Serve cold.
Apple Pie,"Apples, Sugar, Cinnamon, Pie crust, Butter",American,Classic baked dessert with apples and cinnamon in a pastry crust.,Step-1: Preheat oven; Step-2: Slice apples and mix with sugar and cinnamon; Step-3: Fill crust; Step-4: Cover with top crust; Step-5: Bake 45 min.
Brownies,"Cocoa, Flour, Sugar, Butter, Eggs, Vanilla",American,"Dense, chocolate baked squares.","Step-1: Preheat oven; Step-2: Mix butter, sugar, cocoa; Step-3: Add eggs and vanilla; Step-4: Fold in flour; Step-5: Bake 25 min."
Chocolate Chip Cookies,"Flour, Sugar, Butter, Egg, Chocolate chips, Baking soda",American,Classic cookies with chocolate chips.,Step-1: Preheat oven; Step-2: Cream butter and sugar; Step-3: Add egg; Step-4: Mix in flour and chocolate chips; Step-5: Bake 12 min.
Lemon Bars,"Flour, Sugar, Butter, Lemon juice, Eggs",American,Tangy lemon dessert with shortbread crust.,Step-1: Preheat oven; Step-2: Prepare shortbread crust; Step-3: Bake 15 min; Step-4: Mix lemon filling and pour over crust; Step-5: Bake 20 min.
Pancakes,"Flour, Milk, Eggs, Sugar, Baking powder",American,"Fluffy breakfast cakes, often served with syrup.",Step-1: Mix ingredients into batter; Step-2: Heat skillet; Step-3: Pour batter; Step-4: Cook both sides until golden; Step-5: Serve with syrup.
Waffles,"Flour, Eggs, Milk, Sugar, Baking powder, Butter",American,"Crisp, grid-patterned breakfast cake served with toppings.",Step-1: Mix ingredients into batter; Step-2: Heat waffle iron; Step-3: Pour batter; Step-4: Cook until crisp; Step-5: Serve with toppings.
Garlic Bread,"Baguette, Garlic, Butter, Parsley",Italian/American,"Bread topped with garlic, butter, and herbs, baked until crispy.","Step-1: Preheat oven; Step-2: Mix butter, garlic, parsley; Step-3: Spread on sliced baguette; Step-4: Bake 10 min; Step-5: Serve warm."
Bruschetta,"Baguette, Tomato, Garlic, Basil, Olive oil",Italian,"Toasted bread topped with tomatoes, garlic, and olive oil.","Step-1: Toast baguette slices; Step-2: Mix tomato, garlic, basil; Step-3: Spoon mixture on bread; Step-4: Drizzle olive oil; Step-5: Serve immediately."
Fettuccine Alfredo,"Fettuccine, Butter, Cream, Parmesan",Italian,Pasta in creamy Alfredo sauce with Parmesan.,Step-1: Cook pasta; Step-2: Heat butter and cream; Step-3: Add Parmesan; Step-4: Toss pasta in sauce; Step-5: Serve hot.
Risotto Primavera,"Arborio rice, Peas, Carrot, Zucchini, Onion, Vegetable broth",Italian,Creamy risotto with spring vegetables.,"Step-1: Sauté vegetables; Step-2: Add rice; Step-3: Gradually add broth, stir; Step-4: Cook 20 min until creamy; Step-5: Serve hot."
Caprese Skewers,"Cherry tomato, Mozzarella, Basil, Olive oil, Balsamic",Italian,"Mini skewers with mozzarella, cherry tomatoes, and basil.","Step-1: Skewer tomato, mozzarella, basil; Step-2: Drizzle olive oil and balsamic; Step-3: Season with salt; Step-4: Chill 5 min; Step-5: Serve."
Tiramisu (Alcohol-Free),"Mascarpone, Ladyfingers, Coffee, Sugar, Cocoa, Cream",Italian,Coffee-flavored layered dessert with mascarpone cream.,Step-1: Dip ladyfingers in coffee; Step-2: Layer with mascarpone mixture; Step-3: Repeat layers; Step-4: Chill 3-4 hours; Step-5: Dust with cocoa.
Panna Cotta,"Cream, Milk, Sugar, Vanilla, Gelatin",Italian,Italian creamy dessert made with sweetened cream and gelatin.,"Step-1: Heat cream, milk, sugar; Step-2: Add gelatin; Step-3: Pour into molds; Step-4: Chill 4 hours; Step-5: Serve with fruit topping."
Veggie Paella,"Rice, Bell pepper, Peas, Artichoke, Onion, Saffron",Spanish,"Spanish rice dish with saffron, vegetables, and spices.",Step-1: Sauté onion and bell pepper; Step-2: Add rice and saffron; Step-3: Pour water and simmer 15 min; Step-4: Add peas and artichokes; Step-5: Cook until rice tender and serve hot.
Gazpacho,"Tomato, Cucumber, Bell pepper, Garlic, Olive oil, Bread",Spanish,Cold Spanish tomato and vegetable soup.,"Step-1: Chop vegetables; Step-2: Blend with garlic, olive oil, and soaked bread; Step-3: Chill 2 hours; Step-4: Adjust seasoning; Step-5: Serve cold."
Ratatouille Tian,"Eggplant, Zucchini, Tomato, Onion, Olive oil, Herbs",French,"Layered baked ratatouille vegetables, elegantly arranged.",Step-1: Slice vegetables thin; Step-2: Layer in dish; Step-3: Drizzle with olive oil and herbs; Step-4: Bake 35 min; Step-5: Serve hot.
Socca (Chickpea Flatbread),"Chickpea flour, Water, Olive oil, Salt",French,"Thin flatbread made from chickpea flour, often baked or grilled.","Step-1: Mix flour, water, salt into batter; Step-2: Heat skillet with olive oil; Step-3: Pour batter thinly; Step-4: Cook until golden 5 min per side; Step-5: Serve warm."
Ratatouille Tart,"Puff pastry, Zucchini, Eggplant, Tomato, Goat cheese",French,Tart filled with ratatouille vegetables and cheese.,Step-1: Roll pastry; Step-2: Sauté vegetables; Step-3: Layer vegetables on pastry; Step-4: Top with cheese; Step-5: Bake 25 min and serve.
Greek Salad,"Tomato, Cucumber, Onion, Olive, Feta, Olive oil",Mediterranean,"Salad with cucumber, tomatoes, olives, feta, and olive oil.",Step-1: Chop vegetables; Step-2: Mix with olives and feta; Step-3: Drizzle olive oil; Step-4: Toss gently; Step-5: Serve fresh.
Falafel Wrap,"Chickpeas, Garlic, Onion, Cumin, Wrap, Lettuce",Middle Eastern,"Wrap filled with falafel, vegetables, and sauce.","Step-1: Blend chickpeas, garlic, onion, spices; Step-2: Shape into balls; Step-3: Fry until golden; Step-4: Assemble in wrap with lettuce; Step-5: Serve."
Baba Ganoush,"Eggplant, Tahini, Garlic, Lemon juice, Olive oil",Middle Eastern,Smoky eggplant dip with olive oil and seasonings.,"Step-1: Roast eggplant; Step-2: Mash and mix with tahini, garlic, lemon; Step-3: Adjust salt; Step-4: Chill 15 min; Step-5: Serve with bread."
Shakshuka,"Tomato, Bell pepper, Onion, Garlic, Eggs, Spices",Middle Eastern,"Poached eggs in spicy tomato and pepper sauce.","Step-1: Sauté onion, garlic, bell pepper; Step-2: Add tomato and spices; Step-3: Simmer 10 min; Step-4: Crack eggs over sauce; Step-5: Cover and cook 5 min; Serve hot."
Lentil Kofta Curry,"Lentils, Onion, Garlic, Tomato, Spices",Indian,Fried lentil balls served in spiced curry sauce.,Step-1: Cook lentils and mash; Step-2: Shape into balls and fry lightly; Step-3: Prepare tomato-onion gravy; Step-4: Add kofta to gravy and simmer 10 min; Step-5: Serve with rice.
Tofu Tikka Masala,"Tofu, Yogurt, Tomato, Onion, Spices, Cream",Indian,Tofu cooked in creamy spiced tomato sauce.,Step-1: Marinate tofu in yogurt and spices 1 hr; Step-2: Grill tofu; Step-3: Prepare tomato-onion gravy; Step-4: Add tofu and simmer 5 min; Step-5: Serve with naan.
Veggie Quesadilla,"Tortilla, Cheese, Bell pepper, Onion, Spinach",Mexican,"Tortilla filled with cheese and vegetables, grilled.",Step-1: Sauté vegetables; Step-2: Place tortilla in pan; Step-3: Add vegetables and cheese; Step-4: Fold and cook until golden; Step-5: Serve hot.
Mexican Rice,"Rice, Tomato, Onion, Garlic, Corn, Bell pepper",Mexican,"Rice cooked with tomatoes, peppers, and spices.","Step-1: Sauté onion and garlic; Step-2: Add rice and toast 2 min; Step-3: Add tomato, corn, bell pepper, water; Step-4: Cover and simmer 20 min; Step-5: Serve hot."
Guacamole,"Avocado, Tomato, Onion, Garlic, Lime, Cilantro",Mexican,"Creamy avocado dip with lime, onion, and herbs.","Step-1: Mash avocado; Step-2: Mix chopped tomato, onion, garlic; Step-3: Add lime juice; Step-4: Stir in cilantro; Step-5: Serve chilled."
Chocolate Avocado Mousse,"Avocado, Cocoa powder, Maple syrup, Vanilla",American,Creamy dessert made from blended avocado and chocolate.,"Step-1: Blend avocado, cocoa, maple syrup, vanilla until smooth; Step-2: Chill 1 hr; Step-3: Serve with fruit or nuts; Step-4: Optional: garnish with berries; Step-5: Enjoy."
Veggie Teriyaki Stir-Fry,"Broccoli, Carrot, Bell pepper, Snow peas, Tofu, Soy sauce, Garlic, Ginger, Olive oil",Japanese,Stir-fried vegetables coated with teriyaki sauce.,"Step-1: Heat olive oil in a pan; Step-2: Sauté garlic and ginger 1 min; Step-3: Add tofu cubes and cook until lightly golden; Step-4: Add broccoli, carrot, bell pepper, snow peas and stir-fry 5–7 min; Step-5: Pour in soy sauce, toss to coat; Step-6: Serve hot with steamed rice."
